"CONTACT_ID","FIRST_NAME","LAST_NAME","EMAIL","PHONE","CUSTOMER_ID"
1,"Flor","Stone","florstone@raytheoncom","+1 317 123 4104",1
2,"Lavera","Emerson","laveraemerson@plainsallamericancom","+1 317 123 4111",2
3,"Fern","Head","fernhead@usfoodscom","+1 812 123 4115",3
4,"Shyla","Ortiz","shylaortiz@abbviecom","+1 317 123 4126",4
5,"Jeni","Levy","jenilevy@centenecom","+1 812 123 4129",5
6,"Matthias","Hannah","matthiashannah@chsnet","+1 219 123 4136",6
7,"Matthias","Cruise","matthiascruise@alcoacom","+1 219 123 4138",7
8,"Meenakshi","Mason","meenakshimason@internationalpapercom","+1 317 123 4141",8
9,"Christian","Cage","christiancage@emersoncom","+1 219 123 4142",9
10,"Charlie","Sutherland","charliesutherland@upcom","+1 317 123 4146",10
11,"Charlie","Pacino","charliepacino@amgencom","+1 812 123 4150",11
12,"Guillaume","Jackson","guillaumejackson@usbankcom","+1 812 123 4151",12
13,"Daniel","Costner","danielcostner@staplescom","+1 812 123 4153",13
14,"Dianne","Derek","diannederek@danahercom","+1 812 123 4157",14
15,"Geraldine","Schneider","geraldineschneider@whirlpoolcorpcom","+1 313 123 4159",15
16,"Geraldine","Martin","geraldinemartin@aflaccom","+1 313 123 4160",16
17,"Guillaume","Edwards","guillaumeedwards@autonationcom","+1 616 123 4162",17
18,"Maurice","Mahoney","mauricemahoney@progressivecom","+1 616 123 4181",18
19,"Maurice","Hasan","mauricehasan@abbottcom","+1 517 123 4191",19
20,"Diane","Higgins","dianehiggins@dollargeneralcom","+1 517 123 4199",20
21,"Dianne","Sen","diannesen@tenethealthcom","+1 517 123 4201",21
22,"Maurice","Daltrey","mauricedaltrey@lillycom","+1 517 123 4206",22
23,"Tess","Roth","tessroth@dteenergycom","+1 313 123 4219",23
24,"Ka","Kaufman","kakaufman@southwestcom","+1 313 123 4222",24
25,"Sharyl","Montoya","sharylmontoya@penskeautomotivecom","+1 517 123 4225",25
26,"Daniel","Glass","danielglass@manpowergroupcom","+1 313 123 4226",26
27,"Rena","Arnold","renaarnold@assurantcom","+1 517 123 4228",27
28,"Arlyne","Ingram","arlyneingram@kohlscorporationcom","+1 313 123 4230",28
29,"Willie","Barrera","williebarrera@starbuckscom","+1 616 123 4234",29
30,"Mireya","Cochran","mireyacochran@paccarcom","+1 313 123 4242",30
31,"Marlene","Odom","marleneodom@cumminscom","+1 616 123 4245",31
32,"Jaclyn","Atkinson","jaclynatkinson@globalpcom","+1 313 123 4248",32
33,"Al","Schultz","alschultz@altriacom","+1 517 123 4253",33
34,"Felicitas","Riley","felicitasriley@xeroxcom","+1 313 123 4255",34
35,"Cora","Calhoun","coracalhoun@kimberly-clarkcom","+1 313 123 4263",35
36,"Trula","Buckley","trulabuckley@thehartfordcom","+1 517 123 4265",36
37,"Sasha","Wallace","sashawallace@huntsmancom","+1 319 123 4271",37
38,"Caitlin","Hill","caitlinhill@kraftheinzcompanycom","+1 515 123 4273",38
39,"Gino","Pickett","ginopickett@learcom","+1 319 123 4278",39
40,"Amira","Macdonald","amiramacdonald@fluorcom","+1 712 123 4280",40
41,"Mack","Morse","mackmorse@aecomcom","+1 319 123 4282",41
42,"Eboni","Jarvis","ebonijarvis@bdcom","+1 319 123 4288",42
43,"Gabrielle","Dennis","gabrielledennis@facebookcom","+1 515 123 4290",43
44,"Classie","Norris","classienorris@jabilcom","+1 319 123 4301",44
45,"Khalilah","Holman","khalilahholman@centurylinkcom","+1 745 123 4306",45
46,"Isreal","Rose","isrealrose@supervalucom","+1 414 123 4307",46
47,"Verena","Hopper","verenahopper@generalmillscom","+1 414 123 4308",47
48,"Audie","Flores","audieflores@southerncompanycom","+1 608 123 4309",48
49,"Gertrude","Cooke","gertrudecooke@nexteraenergycom","+1 608 123 4318",49
50,"Princess","Kane","princesskane@thermofishercom","+1 414 123 4323",50
51,"Jacinta","Faulkner","jacintafaulkner@aepcom","+1 414 123 4324",51
52,"Lashon","Wall","lashonwall@pgecom","+1 414 123 4328",52
53,"Corliss","Mcneil","corlissmcneil@nglenergypartnerscom","+1 608 123 4332",53
54,"Brock","Webb","brockwebb@bmscom","+1 608 123 4344",54
55,"Melany","Mcmahon","melanymcmahon@goodyearcom","+1 414 123 4347",55
56,"Rogelio","Kirby","rogeliokirby@nucorcom","+1 414 123 4348",56
57,"Wallace","Dillard","wallacedillard@pnccom","+1 414 123 4350",57
58,"Gia","Boyle","giaboyle@healthnetcom","+1 745 123 4367",58
59,"Tennie","Gay","tenniegay@microncom","+1 414 123 4369",59
60,"Ophelia","Hurst","opheliahurst@colgatepalmolivecom","+1 715 123 4372",60
61,"Ciara","Flowers","ciaraflowers@fcxcom","+1 414 123 4373",61
62,"Birgit","Stephenson","birgitstephenson@conagrafoodscom","+1 608 123 4374",62
63,"Shameka","Spencer","shamekaspencer@sempracom","+1 414 123 4376",63
64,"Alysa","Kane","alysakane@gapinccom","+1 608 123 4378",64
65,"Fransisca","Reeves","fransiscareeves@bakerhughescom","+1 414 123 4381",65
66,"Jessika","Merritt","jessikamerritt@bnymelloncom","+1 612 123 4397",66
67,"Agustina","Conner","agustinaconner@dollartreecom","+1 612 123 4399",67
68,"Roxanna","Wade","roxannawade@autozonecom","+1 612 123 4408",68
69,"Virgie","Mays","virgiemays@wholefoodsmarketcom","+1 612 123 4417",69
70,"Trang","Mcconnell","trangmcconnell@ppgcom","+1 612 123 4419",70
71,"Nada","West","nadawest@genptcom","+1 507 123 4421",71
72,"Catherina","Haney","catherinahaney@ielpcom","+1 218 123 4429",72
73,"Harriette","Melton","harriettemelton@navistarcom","+1 612 123 4434",73
74,"Willette","Rodgers","willetterodgers@pfgccom","+1 315 123 4442",74
75,"Calandra","Williamson","calandrawilliamson@omnicomgroupcom","+1 315 123 4447",75
76,"Tamatha","Delgado","tamathadelgado@dishcom","+1 716 123 4457",76
77,"Felix","Ferguson","felixferguson@firstenergycorpcom","+1 518 123 4459",77
78,"Elwood","Hampton","elwoodhampton@precastcom","+1 518 123 4464",78
79,"Josh","Roach","joshroach@monsantocom","+1 518 123 4474",79
80,"Luanna","Scott","luannascott@aescom","+1 914 123 4494",80
81,"Meryl","Cole","merylcole@carmaxcom","+1 518 123 4496",81
82,"Jannet","Elliott","jannetelliott@discoverfinancialcom","+1 716 123 4575",82
83,"Fae","Glenn","faeglenn@novcom","+1 914 123 4578",83
84,"Francisco","Cummings","franciscocummings@nrgenergycom","+1 315 123 4597",84
85,"Ermelinda","Benton","ermelindabenton@westerndigitalcom","+1 716 123 4599",85
86,"Lasonya","Beard","lasonyabeard@marriottcom","+1 716 123 4605",86
87,"Rayna","Tran","raynatran@libertyinteractivecom","+1 518 123 4617",87
88,"Annice","Boyer","anniceboyer@walmartcom","+1 518 123 4618",88
89,"Ja","Whitfield","jawhitfield@exxonmobilcom","+1 914 123 4619",89
90,"Jaime","Lester","jaimelester@applecom","+1 518 123 4624",90
91,"Charlsie","Lindsey","charlsielindsey@berkshirehathawaycom","+1 215 123 4644",91
92,"Jannette","Henry","jannettehenry@mckessoncom","+1 610 123 4657",92
93,"Margart","Mccall","margartmccall@unitedhealthgroupcom","+1 412 123 4662",93
94,"Twanna","Cleveland","twannacleveland@cvshealthcom","+1 814 123 4663",94
95,"Bronwyn","Horn","bronwynhorn@gmcom","+1 610 123 4664",95
96,"Jon","Petersen","jonpetersen@fordcom","+1 610 123 4667",96
97,"Denny","Daniel","dennydaniel@attcom","+1 610 123 4669",97
98,"Avis","Moore","avismoore@gecom","+1 717 123 4674",98
99,"Eden","Burke","edenburke@amerisourcebergencom","+1 215 123 4676",99
100,"Elisha","Lloyd","elishalloyd@verizoncom","+1 412 123 4681",100
101,"Samara","Barnett","samarabarnett@chevroncom","+1 412 123 4684",101
102,"Nadia","Sawyer","nadiasawyer@costcocom","+1 412 123 4688",102
103,"Melita","Holcomb","melitaholcomb@fanniemaecom","+1 412 123 4691",103
104,"Evita","Dickerson","evitadickerson@thekrogercocom","+1 717 123 4692",104
105,"Aundrea","Barry","aundreabarry@amazoncom","+1 814 123 4696",105
106,"Irvin","Leach","irvinleach@walgreensbootsalliancecom","+1 814 123 4697",106
107,"Kellee","Molina","kelleemolina@hpcom","+1 412 123 4700",107
108,"Ronny","Sykes","ronnysykes@cardinalcom","+1 814 123 4706",108
109,"Ocie","Walton","ociewalton@express-scriptscom","+1 215 123 4708",109
110,"Reva","Fuller","revafuller@jpmorganchasecom","+1 610 123 4714",110
111,"Marica","Henderson","maricahenderson@graingercom","+1 412 123 4718",111
112,"Vanetta","Gross","vanettagross@boeingcom","+1 215 123 4721",112
113,"Audrea","Hayden","audreahayden@microsoftcom","+1 814 123 4722",113
114,"Neda","Mcfadden","nedamcfadden@bankofamericacom","+1 412 123 4724",114
115,"Dell","Wilkinson","dellwilkinson@wellsfargocom","+1 717 123 4730",115
116,"Sharee","Carver","shareecarver@baxtercom","+1 215 123 4738",116
117,"Joaquina","Mcconnell","joaquinamcconnell@homedepotcom","+1 717 123 4739",117
118,"Carlyn","Calderon","carlyncalderon@citigroupcom","+1 412 123 4740",118
119,"Olga","Wilkins","olgawilkins@phillips66com","+1 717 123 4741",119
120,"Delpha","Golden","delphagolden@strykercom","+1 215 123 4743",120
121,"Sharell","Branch","sharellbranch@ibmcom","+1 610 123 4744",121
122,"Eleanor","Farley","eleanorfarley@valerocom","+1 215 123 4745",122
123,"Justina","Hayes","justinahayes@antheminccom","+1 717 123 4746",123
124,"Omer","Macdonald","omermacdonald@pgcom","+1 215 123 4748",124
125,"Roseline","Hill","roselinehill@airproductscom","+1 717 123 4752",125
126,"Janeen","Holt","janeenholt@statefarmcom","+1 412 123 4763",126
127,"Tory","Avila","toryavila@googlecom","+1 814 123 4766",127
128,"Keila","Slater","keilaslater@comcastcorporationcom","+1 412 123 4767",128
129,"Jazmin","Burch","jazminburch@targetcom","+1 215 123 4768",129
130,"Tandy","Ramsey","tandyramsey@wnrcom","+1 215 123 4771",130
131,"Debra","Herring","debraherring@jnjcom","+1 301 123 4794",131
132,"Monnie","Walker","monniewalker@metlifecom","+1 410 123 4795",132
133,"Alvaro","Hooper","alvarohooper@admcom","+1 410 123 4800",133
134,"Leandro","West","leandrowest@marathonpetroleumcom","+1 410 123 4805",134
135,"Lurline","Dennis","lurlinedennis@freddiemaccom","+1 410 012 4715",135
136,"Aurea","Sanders","aureasanders@pepsicocom","+1 301 123 4809",136
137,"Stacia","Rutledge","staciarutledge@utccom","+1 410 123 4812",137
138,"Philomena","Elliott","philomenaelliott@aetnacom","+1 410 123 4813",138
139,"Gonzalo","Stone","gonzalostone@lowescom","+1 301 123 4814",139
140,"So","Hardin","sohardin@upscom","+1 410 123 4816",140
141,"Lauren","Rodriquez","laurenrodriquez@aigcom","+1 410 123 4817",141
142,"Loan","Patton","loanpatton@prudentialcom","+1 301 123 4818",142
143,"Ha","Lowe","halowe@intelcom","+1 301 123 4819",143
144,"Alexandra","Mcgowan","alexandramcgowan@humanacom","+1 410 123 4822",144
145,"Melissa","Nichols","melissanichols@disneycom","+1 410 123 4840",145
146,"Keesha","Cohen","keeshacohen@ciscocom","+1 414 123 4363",146
147,"Elvera","Benson","elverabenson@pfizercom","+1 507 123 4387",147
148,"Lanora","Ray","lanoraray@dowcom","+1 612 123 4436",148
149,"Jimmy","Weber","jimmyweber@syscocom","+1 219 123 4145",149
150,"Mae","Wilkinson","maewilkinson@fedexcom","+1 616 123 4190",150
151,"Lino","Noble","linonoble@caterpillarcom","+1 313 123 4241",151
152,"Kathie","Jordan","kathiejordan@lockheedmartincom","+1 616 123 4259",152
153,"Heike","Emerson","heikeemerson@newyorklifecom","+1 319 123 4269",153
154,"Princess","Jones","princessjones@uhsinccom","+1 712 123 4284",154
155,"Doretha","Tyler","dorethatyler@coca-colacompanycom","+1 712 123 4289",155
156,"Emilio","Duncan","emilioduncan@hcahealthcarecom","+1 414 123 4312",156
157,"Glinda","Lambert","glindalambert@ingrammicrocom","+1 414 123 4364",157
158,"Emery","Schneider","emeryschneider@owens-minorcom","+1 320 123 4385",158
159,"Amado","Jefferson","amadojefferson@energytransfercom","+1 612 123 4407",159
160,"Hisako","Herrera","hisakoherrera@tysonfoodscom","+1 716 123 4456",160
161,"Jamee","Mclaughlin","jameemclaughlin@aacom","+1 716 123 4582",161
162,"Audrie","Cannon","audriecannon@deltacom","+1 716 123 4627",162
163,"Lacey","Walters","laceywalters@chartercom","+1 412 123 4677",163
164,"Weldon","Robinson","weldonrobinson@nationwidecom","+1 215 123 4702",164
165,"Solange","Gates","solangegates@johnsoncontrolscom","+1 215 123 4749",165
166,"Jame","Calhoun","jamecalhoun@bestbuycom","+1 814 123 4755",166
167,"Stefan","Walters","stefanwalters@merckcom","+1 301 123 4831",167
168,"Arlene","Elliott","arleneelliott@advanceautopartscom","+1 313 123 4167",168
169,"Sofia","Burnett","sofiaburnett@libertymutualcom","+1 219 123 4116",169
170,"Christal","Grant","christalgrant@gscom","+1 616 123 4166",170
171,"Violeta","Stokes","violetastokes@honeywellcom","+1 810 123 4212",171
172,"Jackeline","Finley","jackelinefinley@mastercardcom","+1 313 123 4240",172
173,"Heidy","Massey","heidymassey@massmutualcom","+1 414 123 4340",173
174,"Yolando","Wilkerson","yolandowilkerson@oraclecom","+1 716 123 4485",174
175,"Lucinda","Hurley","lucindahurley@morganstanleycom","+1 518 123 4532",175
176,"Gita","Logan","gitalogan@cignacom","+1 518 123 4562",176
177,"Felicita","Alston","felicitaalston@unitedcontinentalholdingscom","+1 315 123 4585",177
178,"Lela","Ewing","lelaewing@allstatecom","+1 412 123 4659",178
179,"Gabriel","Pollard","gabrielpollard@tiaaorg","+1 717 123 4679",179
180,"Vincenza","Walton","vincenzawalton@intlfcstonecom","+1 215 123 4709",180
181,"Shandra","Higgins","shandrahiggins@chsinccom","+1 215 123 4751",181
182,"Thomasena","Pickett","thomasenapickett@americanexpresscom","+1 410 123 4807",182
183,"Aaron","Holder","aaronholder@gileadcom","+1 410 123 4829",183
184,"Carlos","Moody","carlosmoody@publixcom","+86 811 012 4093",184
185,"Javier","Kim","javierkim@generaldynamicscom","+86 123 012 4095",185
186,"Fran","Battle","franbattle@tjxcom","+91 80 012 4123",186
187,"Shelia","Brewer","sheliabrewer@conocophillipscom","+49 89 012 4129",187
188,"Jeri","Randall","jerirandall@nikecom","+49 90 012 4131",188
189,"Jermaine","Cote","jermainecote@wfscorpcom","+49 91 012 4133",189
190,"Kenneth","Simmons","kennethsimmons@3mcom","+39 6 012 4543",190
191,"Dulce","Matthews","dulcematthews@mondelezinternationalcom","+1 416 012 4147",191
192,"Kristle","Cain","kristlecain@exeloncorpcom","+39 55 012 4547",192
193,"Erika","Murray","erikamurray@21cfcom","+39 55 012 4551",193
194,"Maud","Cohen","maudcohen@johndeerecom","+39 55 012 4555",194
195,"Rolanda","Vang","rolandavang@appliedmaterialscom","+39 10 012 4365",195
196,"Renea","Carney","reneacarney@dupontcom","+39 55 012 4565",196
197,"Sybil","Harding","sybilharding@avnetcom","+39 10 012 4367",197
198,"Colette","Estrada","coletteestrada@eastmancom","+81 565 012 4567",198
199,"Maximo","Ortega","maximoortega@macysinccom","+39 10 012 4369",199
200,"Kina","Larsen","kinalarsen@enterpriseproductscom","+39 55 012 4569",200
201,"Jarvis","Allison","jarvisallison@travelerscom","+39 10 012 4371",201
202,"Collene","Newton","collenenewton@sonicautomotivecom","+39 49 012 4373",202
203,"Vella","Hancock","vellahancock@pmicom","+39 49 012 4375",203
204,"Retta","Martinez","rettamartinez@riteaidcom","+39 49 012 4377",204
205,"Annelle","Lawrence","annellelawrence@techdatacom","+39 10 012 4379",205
206,"Sherron","Simon","sherronsimon@allycom","+39 10 012 4381",206
207,"Carita","Mcintyre","caritamcintyre@northwesternmutualcom","+86 10 012 4165",207
208,"Stephaine","Booker","stephainebooker@tsocorpcom","+39 55 012 4559",208
209,"Emilie","Parsons","emilieparsons@timewarnercom","+39 10 012 4363",209
210,"Jaleesa","Bowen","jaleesabowen@cstbrandscom","+66 76 012 4633",210
211,"Jeannie","Poole","jeanniepoole@aboutmcdonaldscom","+91 80 012 4637",211
212,"Adrienne","Lang","adriennelang@qualcommcom","+39 2 012 4771",212
213,"Jess","Nguyen","jessnguyen@searsholdingscom","+39 2 012 4773",213
214,"Tandy","House","tandyhouse@ebaycom","+39 2 012 4775",214
215,"Herman","Stokes","hermanstokes@capitalonecom","+39 49 012 4777",215
216,"Keesha","Lambert","keeshalambert@emccom","+39 49 012 4779",216
217,"Lauren","Williamson","laurenwilliamson@usaacom","+39 49 012 4781",217
218,"Lucius","Abbott","luciusabbott@lennarcom","+91 80 012 4783",218
219,"Beatrice","Ford","beatriceford@duke-energycom","+91 80 012 4785",219
220,"Tamisha","Vargas","tamishavargas@twccom","+91 80 012 4793",220
221,"Dick","Lamb","dicklamb@halliburtoncom","+91 80 012 4803",221
222,"Yolanda","Ball","yolandaball@gamestopcorpcom","+91 80 012 4809",222
223,"Jerica","Brooks","jericabrooks@northropgrummancom","+91 11 012 4811",223
224,"Nichol","Carter","nicholcarter@arrowcom","+91 11 012 4813",224
225,"Bobby","Wilson","bobbywilson@rsaccom","+91 11 012 4817",225
226,"Eve","Saunders","evesaunders@officedepotcom","+91 80 012 4823",226
227,"Ginger","Atkinson","gingeratkinson@nordstromcom","+91 33 012 4825",227
228,"Kenton","Harrell","kentonharrell@kindermorgancom","+91 33 012 4827",228
229,"Misti","Velazquez","mistivelazquez@aramarkcom","+91 80 012 4829",229
230,"Brandie","Buchanan","brandiebuchanan@davitacom","+91 22 012 4831",230
231,"Kandi","Holden","kandiholden@molinahealthcarecom","+91 80 012 4833",231
232,"Lashonda","Cunningham","lashondacunningham@wellcarecom","+91 11 012 4835",232
233,"Roxanne","Michalkow","roxannemichalkow@cbscorporationcom","+91 172 012 4837",233
234,"Phuong","Sanders","phuongsanders@visacom","+91 22 012 4839",234
235,"Vida","Kline","vidakline@lfgcom","+91 80 012 4841",235
236,"Mayola","Houston","mayolahouston@ecolabcom","+91 80 012 4843",236
237,"Cristine","Bell","cristinebell@kelloggcompanycom","+91 11 012 4851",237
238,"Shamika","Bauer","shamikabauer@chrobinsoncom","+91 11 012 4853",238
239,"Rebbeca","Day","rebbecaday@textroncom","+91 172 012 4861",239
240,"Maryrose","Cain","maryrosecain@loewscom","+91 80 012 4869",240
241,"Johnie","Rojas","johnierojas@itwcom","+91 80 012 4887",241
242,"Verla","Christian","verlachristian@synnexcom","+91 80 012 4889",242
243,"Teressa","Hewitt","teressahewitt@hormelfoodscom","+91 80 012 4891",243
244,"Shenna","Blair","shennablair@viacomcom","+91 141 012 4895",244
245,"Latoyia","Burt","latoyiaburt@hollyfrontiercom","+91 80 012 4907",245
246,"Shaquita","Norman","shaquitanorman@landolakesinccom","+91 80 012 4919",246
247,"Myrna","Romero","myrnaromero@celgenecom","+91 80 012 4931",247
248,"Bill","Stein","billstein@devonenergycom","+39 6 012 4501",248
249,"Olivia","Conrad","oliviaconrad@pbfenergycom","+39 6 012 4503",249
250,"Marianne","Bryant","mariannebryant@genworthcom","+39 6 012 4507",250
251,"Dustin","Paul","dustinpaul@yumcom","+39 6 012 4511",251
252,"Elroy","Wolf","elroywolf@ticom","+39 6 012 4515",252
253,"Jadwiga","Morrison","jadwigamorrison@cdwcom","+39 6 012 4519",253
254,"Isabella","Ortega","isabellaortega@paypalcom","+39 6 012 4531",254
255,"Katia","Case","katiacase@wmcom","+39 6 012 4535",255
256,"Enriqueta","Odom","enriquetaodom@mmccom","+39 6 012 4539",256
257,"Don","Hansen","donhansen@chkcom","+39 10 012 4385",257
258,"Herb","Sloan","herbsloan@pricelinegroupcom","+39 10 012 4387",258
259,"Blanche","Robbins","blancherobbins@parkercom","+39 6 012 4389",259
260,"Gaynell","Burton","gaynellburton@oxycom","+39 6 012 4391",260
261,"Marhta","Baldwin","marhtabaldwin@guardianlifecom","+39 49 012 4409",261
262,"Peter","Gamble","petergamble@mgmresortscom","+39 49 012 4411",262
263,"Nathan","Callahan","nathancallahan@farmerscom","+39 10 012 4413",263
264,"Tereasa","Padilla","tereasapadilla@jcpenneycom","+39 49 012 4415",264
265,"Merrilee","Phillips","merrileephillips@conedisoncom","+39 49 012 4417",265
266,"Tisha","Mcdonald","tishamcdonald@autolivcom","+39 49 012 4419",266
267,"Napoleon","Cruz","napoleoncruz@cognizantcom","+39 10 012 4421",267
268,"Basilia","Downs","basiliadowns@vfccom","+66 76 012 4441",268
269,"Alessandra","Estrada","alessandraestrada@ameriprisecom","+41 56 012 3527",269
270,"Sherron","Flores","sherronflores@fnfcom","+41 57 012 3529",270
271,"Elicia","Townsend","eliciatownsend@csccom","+41 58 012 3531",271
272,"Percy","Hernandez","percyhernandez@lbcom","+41 59 012 3533",272
273,"Shelia","Cain","sheliacain@jacobscom","+41 60 012 3535",273
274,"Charlene","Booker","charlenebooker@republicservicescom","+41 61 012 3537",274
275,"Mac","Mckay","macmckay@principalcom","+41 62 012 3539",275
276,"Jamison","Merritt","jamisonmerritt@rossstorescom","+41 63 012 3541",276
277,"Quinton","Woods","quintonwoods@bedbathandbeyondcom","+41 64 012 3543",277
278,"Cathey","Mcdowell","catheymcdowell@csxcom","+41 65 012 3545",278
279,"Deneen","Hays","deneenhays@toysrusinccom","+41 66 012 3547",279
280,"Jackson","Morin","jacksonmorin@sandscom","+41 67 012 3549",280
281,"Margo","Hoffman","margohoffman@leucadiacom","+41 2 012 3551",281
282,"Adah","Myers","adahmyers@domcom","+41 3 012 3553",282
283,"Florene","Craig","florenecraig@ussteelcom","+41 81 012 3555",283
284,"Janey","Burris","janeyburris@l-3comcom","+41 81 012 3557",284
285,"Evelina","Campbell","evelinacampbell@edisoninvestorcom","+41 71 012 3559",285
286,"Thi","Maxwell","thimaxwell@entergycom","+41 71 012 3561",286
287,"Aleshia","Reese","aleshiareese@adpcom","+41 4 012 3563",287
288,"Dorotha","Wong","dorothawong@firstdatacom","+41 6 012 3565",288
289,"Estela","Donovan","esteladonovan@blackrockcom","+41 7 012 3567",289
290,"Hassan","Rivers","hassanrivers@westrockcom","+41 31 012 3569",290
291,"Jen","Mcmahon","jenmcmahon@voyacom","+41 68 012 3571",291
292,"Barbie","Carter","barbiecarter@sherwincom","+41 5 012 3573",292
293,"Cleo","English","cleoenglish@hiltonworldwidecom","+41 8 012 3575",293
294,"Liana","Pena","lianapena@corningcom","+41 1 012 3577",294
295,"Francina","Slater","francinaslater@rrdonnelleycom","+41 9 012 3579",295
296,"Josie","Steele","josiesteele@stanleyblackanddeckercom","+41 69 012 3581",296
297,"Maryrose","Roberson","maryroseroberson@xcelenergycom","+41 70 012 3583",297
298,"Elly","Salinas","ellysalinas@kiewitcom","+91 80 012 3687",298
299,"Ginny","Carlson","ginnycarlson@oratemurphyusacom","+91 80 012 3689",299
300,"Mozelle","Schneider","mozelleschneider@cbrecom","+91 80 012 3695",300
301,"Adam","Jacobs","adamjacobs@univarcom","+91 80 012 3699",301
302,"Vernia","Hayes","verniahayes@drhortoncom","+91 80 012 3701",302
303,"Ismael","Solomon","ismaelsolomon@elcompaniescom","+91 80 012 3703",303
304,"Ivey","Rutledge","iveyrutledge@praxaircom","+91 80 012 3709",304
305,"Jame","Terrell","jameterrell@biogencom","+91 80 012 3711",305
306,"Daina","Combs","dainacombs@mosaiccocom","+91 80 012 3715",306
307,"Lashunda","Davidson","lashundadavidson@statestreetcom","+91 80 012 3717",307
308,"Arlette","Thornton","arlettethornton@unumcom","+91 80 012 3719",308
309,"Darron","Robertson","darronrobertson@reynoldsamericancom","+91 80 012 3723",309
310,"Maple","Barnett","maplebarnett@core-markcom","+91 80 012 3725",310
311,"Charlsie","Carey","charlsiecarey@group1autocom","+91 80 012 3731",311
312,"Frank","Shannon","frankshannon@henryscheincom","+91 80 012 3733",312
313,"Josiah","Beasley","josiahbeasley@hertzcom","+91 80 012 3735",313
314,"Annabelle","Butler","annabellebutler@thriventcom","+91 80 012 3737",314
315,"Ed","Mueller","edmueller@nscorpcom","+91 80 012 3739",315
316,"Colleen","Estrada","colleenestrada@rgarecom","+91 80 012 3741",316
317,"Nikia","Kent","nikiakent@psegcom","+91 80 012 3745",317
318,"Amber","Brady","amberbrady@c-a-mcom","+91 80 012 3837",318
319,"Wendell","Massey","wendellmassey@bbtcom","+86 10 012 3839",319
