"PRODUCT_ID","PRODUCT_NAME","DESCRIPTION","STANDARD_COST","LIST_PRICE","CATEGORY_ID"
228,"Intel Xeon E5-2699 V3 (OEM/Tray)","Speed:23GHz,Cores:18,TDP:145W",286751,341046,1
248,"Intel Xeon E5-2697 V3","Speed:26GHz,Cores:14,TDP:145W",232627,277498,1
249,"Intel Xeon E5-2698 V3 (OEM/Tray)","Speed:23GHz,Cores:16,TDP:135W",203518,266072,1
2,"Intel Xeon E5-2697 V4","Speed:23GHz,Cores:18,TDP:145W",21444,255499,1
45,"Intel Xeon E5-2685 V3 (OEM/Tray)","Speed:26GHz,Cores:12,TDP:120W",201211,250169,1
46,"Intel Xeon E5-2695 V3 (OEM/Tray)","Speed:23GHz,Cores:14,TDP:120W",192513,243195,1
47,"Intel Xeon E5-2697 V2","Speed:27GHz,Cores:12,TDP:130W",210159,237709,1
51,"Intel Xeon E5-2695 V4","Speed:21GHz,Cores:18,TDP:120W",178035,226999,1
91,"Intel Xeon E5-2695 V2","Speed:24GHz,Cores:12,TDP:115W",179353,225999,1
92,"Intel Xeon E5-2643 V2 (OEM/Tray)","Speed:35GHz,Cores:6,TDP:130W",194018,2200,1
93,"Intel Xeon E5-2690 (OEM/Tray)","Speed:29GHz,Cores:8,TDP:135W",188833,211672,1
98,"Intel Xeon E5-2687W V3","Speed:31GHz,Cores:10,TDP:160W",178147,206499,1
102,"Intel Xeon E5-2687W V4","Speed:30GHz,Cores:12,TDP:160W",172383,204269,1
158,"Intel Xeon E5-2667 V3 (OEM/Tray)","Speed:32GHz,Cores:8,TDP:135W",150408,200946,1
159,"Intel Xeon E5-2690 V4","Speed:26GHz,Cores:14,TDP:135W",149926,199449,1
160,"Intel Xeon E5-2690 V3","Speed:26GHz,Cores:12,TDP:135W",154035,190873,1
162,"Intel Xeon E5-2470V2","Speed:24GHz,Cores:10,TDP:95W",167195,19047,1
163,"Intel Xeon E5-2683 V4","Speed:21GHz,Cores:16,TDP:120W",170695,189999,1
164,"Intel Xeon E5-2637 V2 (OEM/Tray)","Speed:35GHz,Cores:4,TDP:130W",132312,1850,1
169,"Intel Xeon E5-2683 V4 (OEM/Tray)","Speed:21GHz,Cores:16,TDP:120W",136983,184489,1
240,"Intel Core i7-4960X Extreme Edition","Speed:36GHz,Cores:6,TDP:130W",149643,180597,1
241,"Intel Xeon E5-2699 V4 (OEM/Tray)","Speed:22GHz,Cores:22,TDP:145W",153562,1756,1
242,"Intel Xeon E5-1680 V3 (OEM/Tray)","Speed:32GHz,Cores:8,TDP:140W",151985,175199,1
243,"Intel Xeon E5-2643 V4 (OEM/Tray)","Speed:34GHz,Cores:6,TDP:135W",122559,170886,1
19,"Intel Core i7-6950X (OEM/Tray)","Speed:30GHz,Cores:10,TDP:140W",147956,170437,1
52,"Intel Xeon E5-2670 V3","Speed:23GHz,Cores:12,TDP:120W",145394,167698,1
165,"Intel Xeon E5-2680","Speed:27GHz,Cores:8,TDP:130W",147995,166661,1
212,"Intel Xeon E5-2680 V4","Speed:24GHz,Cores:14,TDP:120W",136513,163999,1
166,"Intel Xeon E5-2680 V3 (OEM/Tray)","Speed:25GHz,Cores:12,TDP:120W",116689,163889,1
82,"Intel Core i7-6950X","Speed:30GHz,Cores:10,TDP:140W",105292,149989,1
213,"Intel Xeon E5-2643 V3 (OEM/Tray)","Speed:34GHz,Cores:6,TDP:135W",126637,146996,1
218,"Intel Xeon E5-2660 V4","Speed:20GHz,Cores:14,TDP:105W",119403,138889,1
219,"Intel Xeon E5-2660 V3","Speed:26GHz,Cores:10,TDP:105W",104199,129973,1
85,"Intel Xeon E5-2660 V3 (OEM/Tray)","Speed:26GHz,Cores:10,TDP:105W",90218,127499,1
153,"Intel Xeon E5-2650 V2","Speed:26GHz,Cores:8,TDP:95W",96111,1249,1
154,"Intel Xeon E5-2650 V3","Speed:23GHz,Cores:10,TDP:105W",90663,120498,1
209,"Intel Core i7-990X Extreme Edition","Speed:347GHz,Cores:6,TDP:130W",107279,119999,1
81,"Intel Xeon E5-2650 V4","Speed:22GHz,Cores:12,TDP:105W",94511,109999,1
211,"Intel Xeon E5-2650","Speed:20GHz,Cores:8,TDP:95W",86903,106499,1
210,"Intel Core i9-7900X","Speed:33GHz,Cores:10,TDP:140W",85582,102999,1
54,"Intel Xeon E5-1660 V3 (OEM/Tray)","Speed:30GHz,Cores:8,TDP:140W",91452,101999,1
167,"Intel Xeon E5-2650L V3 (OEM/Tray)","Speed:18GHz,Cores:12,TDP:65W",77917,101046,1
214,"Intel Core i7-5960X","Speed:30GHz,Cores:8,TDP:140W",86559,100979,1
53,"Intel Core 2 Extreme QX6800","Speed:293GHz,Cores:4,TDP:100W",78772,100398,1
59,"Intel Core i7-5960X (OEM/Tray)","Speed:30GHz,Cores:8,TDP:140W",8798,97799,1
176,"Intel Xeon E5-2650 V3 (OEM/Tray)","Speed:23GHz,Cores:10,TDP:105W",79998,93949,1
9,"Intel Xeon E5-2640 V4","Speed:24GHz,Cores:10,TDP:90W",73871,89999,1
119,"Intel Xeon E5-2640 V3","Speed:26GHz,Cores:8,TDP:90W",66824,89999,1
120,"Intel Core 2 Extreme QX9775","Speed:32GHz,Cores:4,TDP:150W",73768,892,1
16,"Intel Core i7-6900K","Speed:32GHz,Cores:8,TDP:140W",79289,88989,1
111,"Intel Core i7-6900K (OEM/Tray)","Speed:32GHz,Cores:8,TDP:140W",62028,82737,1
136,"AMD Opteron 6378","Speed:24GHz,Cores:16,TDP:115W",65192,82699,1
27,"Intel Core i7-3960X Extreme Edition","Speed:33GHz,Cores:6,TDP:130W",57341,80074,1
73,"Intel Core i7-4770K","Speed:35GHz,Cores:4,TDP:84W",71415,799,1
70,"Intel Xeon E5-2687W","Speed:31GHz,Cores:8,TDP:150W",58116,71099,1
74,"Intel Xeon E5-2680 V2","Speed:28GHz,Cores:10,TDP:115W",56781,70195,1
198,"Intel Core i7-980","Speed:333GHz,Cores:6,TDP:130W",5637,69999,1
69,"Intel Core i7-7820X","Speed:36GHz,Cores:8,TDP:140W",5111,67875,1
71,"Intel Core i7-3930K","Speed:32GHz,Cores:6,TDP:130W",50932,660,1
199,"Intel Xeon E5-2630 V4","Speed:22GHz,Cores:10,TDP:85W",52895,64799,1
76,"Intel Xeon E5-2630 V3","Speed:24GHz,Cores:8,TDP:85W",49996,62999,1
75,"Intel Core i7-4930K","Speed:34GHz,Cores:6,TDP:130W",52769,62404,1
200,"Intel Core i7-4790K","Speed:40GHz,Cores:4,TDP:88W",46192,62095,1
106,"Intel Xeon E5-2640 V2","Speed:20GHz,Cores:8,TDP:95W",54519,60895,1
8,"Intel Xeon E5-1650 V4","Speed:36GHz,Cores:6,TDP:140W",53547,60199,1
124,"Intel Xeon E5-1650 V4 (OEM/Tray)","Speed:36GHz,Cores:6,TDP:140W",45314,59499,1
72,"Intel Xeon E5-2630 V3 (OEM/Tray)","Speed:24GHz,Cores:8,TDP:85W",4219,58999,1
155,"Intel Xeon E5-2630 V2","Speed:26GHz,Cores:6,TDP:80W",49348,58895,1
80,"Intel Xeon E5-1650 V3","Speed:35GHz,Cores:6,TDP:140W",39977,56489,1
132,"Intel Core i7-5930K","Speed:35GHz,Cores:6,TDP:140W",48156,55499,1
133,"PNY VCQP6000-PB","Chipset:Quadro P6000,Memory:24GBCore Clock:142GHz",405899,549999,2
206,"PNY VCQM6000-24GB-PB","Chipset:Quadro M6000,Memory:24GBCore Clock:988MHz",361914,4139,2
207,"PNY VCQM6000-PB","Chipset:Quadro M6000,Memory:12GBCore Clock:988MHz",250504,325499,2
110,"ATI FirePro W9000","Chipset:FirePro W9000,Memory:6GBCore Clock:975MHz",278555,319297,2
123,"ATI FirePro S9150","Chipset:FirePro S9150,Memory:16GBCore Clock:900MHz",262806,317744,2
142,"AMD FirePro W9100","Chipset:FirePro W9100,Memory:16GBCore Clock:930MHz",248338,299889,2
105,"EVGA 12G-P4-3992-KR","Chipset:GeForce GTX Titan Z,Memory:12GBCore Clock:732MHz",231307,279999,2
4,"AMD 100-505989","Chipset:FirePro W9100,Memory:32GBCore Clock:930MHz",212867,269999,2
5,"PNY VCQK6000-PB","Chipset:Quadro K6000,Memory:12GBCore Clock:902MHz",174031,229079,2
11,"PNY VCQP5000-PB","Chipset:Quadro P5000,Memory:16GBCore Clock:161GHz",160221,201511,2
178,"HP C2J95AT","Chipset:Quadro K5000,Memory:4GBCore Clock:706MHz",171591,199989,2
267,"EVGA 12G-P4-1999-KR","Chipset:GeForce GTX Titan X,Memory:12GBCore Clock:115GHz",132803,179999,2
177,"PNY VCQM5000-PB","Chipset:Quadro M5000,Memory:8GBCore Clock:861MHz",126842,175999,2
245,"ATI FirePro S9050","Chipset:FirePro S9050,Memory:12GBCore Clock:900MHz",123704,1699,2
161,"AMD 100-5056062","Chipset:Vega Frontier Edition Liquid,Memory:16GBCore Clock:15GHz",134384,149999,2
186,"PNY VCQK5200-PB","Chipset:Quadro K5200,Memory:8GBCore Clock:667MHz",112939,144998,2
48,"AMD FirePro S7000","Chipset:FirePro S7000,Memory:4GBCore Clock:950MHz",93642,12185,2
184,"AMD 100-506061","Chipset:Vega Frontier Edition,Memory:16GBCore Clock:144GHz",70699,99999,2
181,"ATI FirePro R5000","Chipset:FirePro R5000,Memory:2GBCore Clock:825MHz",76059,99999,2
182,"PNY VCQK4200-PB","Chipset:Quadro K4200,Memory:4GBCore Clock:771MHz",79905,94989,2
183,"Asus GTX780TI-3GD5","Chipset:GeForce GTX 780 Ti,Memory:3GBCore Clock:876MHz",78191,89999,2
185,"MSI GTX 1080 TI LIGHTNING Z","Chipset:GeForce GTX 1080 Ti,Memory:11GBCore Clock:161GHz",68835,87398,2
281,"Asus ROG-POSEIDON-GTX1080TI-P11G-GAMING","Chipset:GeForce GTX 1080 Ti,Memory:11GBCore Clock:162GHz",69614,86498,2
216,"MSI GTX 1080 TI LIGHTNING X","Chipset:GeForce GTX 1080 Ti,Memory:11GBCore Clock:157GHz",74294,86398,2
6,"Zotac ZT-P10810A-10P","Chipset:GeForce GTX 1080 Ti,Memory:11GBCore Clock:148GHz",70235,84999,2
108,"MSI GAMING","Chipset:GeForce GTX 780 Ti,Memory:3GBCore Clock:102GHz",75318,84999,2
83,"Asus STRIX-GTX1080TI-O11G-GAMING","Chipset:GeForce GTX 1080 Ti,Memory:11GBCore Clock:157GHz",69113,82999,2
215,"PNY VCQP4000-PB","Chipset:Quadro P4000,Memory:8GBCore Clock:123GHz",724,82989,2
12,"Gigabyte GV-N108TAORUSX W-11GD","Chipset:GeForce GTX 1080 Ti,Memory:11GBCore Clock:163GHz",59605,82498,2
114,"Zotac ZT-70203-10P","Chipset:GeForce GTX 780,Memory:3GBCore Clock:101GHz",58042,82061,2
103,"EVGA 11G-P4-6598-KR","Chipset:GeForce GTX 1080 Ti,Memory:11GBCore Clock:156GHz",66354,80999,2
86,"MSI GTX 1080 TI SEA HAWK X","Chipset:GeForce GTX 1080 Ti,Memory:11GBCore Clock:157GHz",69132,80498,2
3,"Corsair CB-9060011-WW","Chipset:GeForce GTX 1080 Ti,Memory:11GBCore Clock:157GHz",57351,79999,2
174,"MSI GTX 1080 TI AERO 11G OC","Chipset:GeForce GTX 1080 Ti,Memory:11GBCore Clock:151GHz",71572,79826,2
175,"NVIDIA VCQM4000-PB","Chipset:Quadro M4000,Memory:8GBCore Clock:N/A",68209,790,2
58,"Gigabyte GV-N108TAORUS X-11GD","Chipset:GeForce GTX 1080 Ti,Memory:11GBCore Clock:161GHz",68835,78498,2
270,"Gigabyte GV-N1070WF2OC-8GD","Chipset:GeForce GTX 1070,Memory:8GBCore Clock:156GHz",55162,76999,2
223,"MSI GeForce GTX 1080 TI ARMOR 11G OC","Chipset:GeForce GTX 1080 Ti,Memory:11GBCore Clock:148GHz",64419,76498,2
90,"EVGA 11G-P4-6696-KR","Chipset:GeForce GTX 1080 Ti,Memory:11GBCore Clock:156GHz",59446,75999,2
220,"MSI GeForce GTX 1080 Ti GAMING X 11G","Chipset:GeForce GTX 1080 Ti,Memory:11GBCore Clock:157GHz",66659,75999,2
221,"Zotac ZT-P10810C-10P","Chipset:GeForce GTX 1080 Ti,Memory:11GBCore Clock:165GHz",53503,75999,2
269,"Zotac ZT-P10810D-10P","Chipset:GeForce GTX 1080 Ti,Memory:11GBCore Clock:157GHz",5801,75999,2
87,"PNY VCGGTX1080T11XGPB-OC","Chipset:GeForce GTX 1080 Ti,Memory:11GBCore Clock:153GHz",60092,75999,2
222,"Zotac ZT-P10810G-10P","Chipset:GeForce GTX 1080 Ti,Memory:11GBCore Clock:151GHz",59825,75498,2
88,"Gigabyte GV-N98TWF3OC-6GD","Chipset:GeForce GTX 980 Ti,Memory:6GBCore Clock:106GHz",63329,74999,2
89,"PNY VCGGTX780T3XPB-OC","Chipset:GeForce GTX 780 Ti,Memory:3GBCore Clock:980MHz",59212,74999,2
236,"MSI GTX 980 Ti Gaming 6G","Chipset:GeForce GTX 980 Ti,Memory:6GBCore Clock:118GHz",53998,74532,2
237,"Gigabyte GV-N108TAORUS-11GD","Chipset:GeForce GTX 1080 Ti,Memory:11GBCore Clock:159GHz",6053,74498,2
238,"EVGA 06G-P4-4998-KR","Chipset:GeForce GTX 980 Ti,Memory:6GBCore Clock:119GHz",52103,74178,2
239,"MSI GTX 1080 Ti DUKE 11G OC","Chipset:GeForce GTX 1080 Ti,Memory:11GBCore Clock:153GHz",55507,73999,2
244,"Crucial","Speed:DDR4-2133,Type:288-pin DIMM,CAS:15Module:4x16GBSize:64GB",113923,162099,5
261,"GSkill TridentZ RGB","Speed:DDR4-3200,Type:288-pin DIMM,CAS:14Module:8x16GBSize:128GB",133026,150499,5
262,"Corsair Dominator Platinum","Speed:DDR4-3200,Type:288-pin DIMM,CAS:16Module:8x16GBSize:128GB",105197,144999,5
265,"GSkill Trident Z","Speed:DDR4-3200,Type:288-pin DIMM,CAS:14Module:8x16GBSize:128GB",116349,143199,5
266,"GSkill Trident Z RGB","Speed:DDR4-3333,Type:288-pin DIMM,CAS:16Module:8x16GBSize:128GB",117436,141899,5
279,"GSkill Ripjaws V Series","Speed:DDR4-3000,Type:288-pin DIMM,CAS:14Module:8x16GBSize:128GB",113987,131899,5
35,"Corsair Dominator Platinum","Speed:DDR4-2800,Type:288-pin DIMM,CAS:15Module:8x16GBSize:128GB",113168,131499,5
36,"Corsair Vengeance LPX","Speed:DDR4-3000,Type:288-pin DIMM,CAS:15Module:8x16GBSize:128GB",91298,129999,5
37,"Corsair Dominator Platinum","Speed:DDR4-2666,Type:288-pin DIMM,CAS:15Module:8x16GBSize:128GB",106866,126499,5
38,"Corsair Vengeance LPX","Speed:DDR4-2400,Type:288-pin DIMM,CAS:15Module:8x16GBSize:128GB",101951,119999,5
65,"Corsair Dominator Platinum","Speed:DDR4-2400,Type:288-pin DIMM,CAS:15Module:8x16GBSize:128GB",100247,119999,5
276,"Corsair Vengeance LPX","Speed:DDR4-2666,Type:288-pin DIMM,CAS:15Module:8x16GBSize:128GB",86752,116399,5
196,"Corsair Vengeance LPX","Speed:DDR4-2133,Type:288-pin DIMM,CAS:15Module:8x16GBSize:128GB",82191,109999,5
272,"GSkill Ripjaws 4 Series","Speed:DDR4-2800,Type:288-pin DIMM,CAS:15Module:8x16GBSize:128GB",83406,107399,5
195,"GSkill Ripjaws 4 Series","Speed:DDR4-2400,Type:288-pin DIMM,CAS:14Module:8x16GBSize:128GB",83603,105599,5
67,"Kingston HyperX Beast","Speed:DDR3-1866,Type:240-pin DIMM,CAS:10Module:8x8GBSize:64GB",70891,86305,5
10,"Crucial","Speed:DDR4-2133,Type:288-pin DIMM,CAS:15Module:2x16GBSize:32GB",58033,81199,5
112,"Corsair Vengeance Pro","Speed:DDR3-2133,Type:240-pin DIMM,CAS:11Module:8x8GBSize:64GB",59625,80892,5
282,"Corsair Dominator Platinum","Speed:DDR4-3200,Type:288-pin DIMM,CAS:15Module:8x8GBSize:64GB",7005,80499,5
197,"GSkill Trident Z RGB","Speed:DDR4-3600,Type:288-pin DIMM,CAS:17Module:4x16GBSize:64GB",62247,79999,5
18,"Crucial","Speed:DDR4-2400,Type:288-pin DIMM,CAS:17Module:1x64GBSize:64GB",60404,799,5
125,"GSkill Trident Z","Speed:DDR4-3600,Type:288-pin DIMM,CAS:17Module:4x16GBSize:64GB",59404,76899,5
68,"Crucial","Speed:DDR4-2133,Type:288-pin DIMM,CAS:15Module:4x16GBSize:64GB",59013,76611,5
283,"GSkill Trident Z","Speed:DDR4-3200,Type:288-pin DIMM,CAS:14Module:8x8GBSize:64GB",64783,76099,5
277,"GSkill Trident Z","Speed:DDR4-3200,Type:288-pin DIMM,CAS:14Module:8x8GBSize:64GB",5568,75899,5
21,"Corsair Dominator Platinum","Speed:DDR4-3466,Type:288-pin DIMM,CAS:16Module:4x16GBSize:64GB",60989,74999,5
128,"Kingston","Speed:DDR4-2133,Type:288-pin DIMM,CAS:15Module:4x16GBSize:64GB",65048,74163,5
129,"Corsair Vengeance LPX","Speed:DDR4-3333,Type:288-pin DIMM,CAS:15Module:4x16GBSize:64GB",60953,73499,5
116,"GSkill Trident Z","Speed:DDR4-3400,Type:288-pin DIMM,CAS:16Module:4x16GBSize:64GB",56539,73199,5
15,"GSkill Trident Z","Speed:DDR4-3466,Type:288-pin DIMM,CAS:16Module:4x16GBSize:64GB",60156,72599,5
122,"GSkill Trident Z","Speed:DDR4-3333,Type:288-pin DIMM,CAS:16Module:4x16GBSize:64GB",53227,72299,5
121,"GSkill Ripjaws V Series","Speed:DDR4-3200,Type:288-pin DIMM,CAS:14Module:8x8GBSize:64GB",60322,72199,5
20,"Corsair Dominator Platinum","Speed:DDR4-3200,Type:288-pin DIMM,CAS:15Module:4x16GBSize:64GB",61653,71999,5
127,"Corsair Dominator Platinum","Speed:DDR4-3333,Type:288-pin DIMM,CAS:15Module:4x16GBSize:64GB",53855,71999,5
109,"GSkill Trident Z","Speed:DDR4-3200,Type:288-pin DIMM,CAS:14Module:4x16GBSize:64GB",58526,71399,5
202,"GSkill Trident Z","Speed:DDR4-3200,Type:288-pin DIMM,CAS:14Module:4x16GBSize:64GB",53321,71399,5
113,"GSkill Trident Z","Speed:DDR4-3200,Type:288-pin DIMM,CAS:15Module:4x16GBSize:64GB",58021,70499,5
13,"GSkill Ripjaws V Series","Speed:DDR4-3333,Type:288-pin DIMM,CAS:16Module:4x16GBSize:64GB",61863,70499,5
14,"GSkill Ripjaws V Series","Speed:DDR4-3333,Type:288-pin DIMM,CAS:16Module:4x16GBSize:64GB",63365,70499,5
115,"Corsair Vengeance LPX","Speed:DDR4-3200,Type:288-pin DIMM,CAS:15Module:8x8GBSize:64GB",56573,69999,5
118,"Corsair Dominator Platinum","Speed:DDR4-2800,Type:288-pin DIMM,CAS:15Module:8x8GBSize:64GB",57846,69989,5
17,"Corsair Vengeance LPX","Speed:DDR4-3333,Type:288-pin DIMM,CAS:15Module:4x16GBSize:64GB",59542,69901,5
117,"GSkill Ripjaws V Series","Speed:DDR4-3200,Type:288-pin DIMM,CAS:14Module:4x16GBSize:64GB",61762,69599,5
77,"GSkill Ripjaws V Series","Speed:DDR4-3200,Type:288-pin DIMM,CAS:14Module:4x16GBSize:64GB",57725,69599,5
78,"GSkill Ripjaws V Series","Speed:DDR4-3200,Type:288-pin DIMM,CAS:15Module:4x16GBSize:64GB",51778,68699,5
204,"GSkill Ripjaws V Series","Speed:DDR4-3200,Type:288-pin DIMM,CAS:15Module:4x16GBSize:64GB",54664,68699,5
7,"GSkill Ripjaws V Series","Speed:DDR4-3200,Type:288-pin DIMM,CAS:15Module:8x8GBSize:64GB",6024,68099,5
278,"GSkill Ripjaws V Series","Speed:DDR4-3000,Type:288-pin DIMM,CAS:14Module:8x8GBSize:64GB",54605,67799,5
203,"Kingston","Speed:DDR3-1333,Type:240-pin DIMM,CAS:9Module:4x16GBSize:64GB",55684,67138,5
79,"Corsair Dominator Platinum","Speed:DDR4-2666,Type:288-pin DIMM,CAS:15Module:8x8GBSize:64GB",53763,65999,5
201,"Kingston","Speed:DDR3-1600,Type:240-pin DIMM,CAS:11Module:4x8GBSize:32GB",56698,6535,5
205,"GSkill Trident X","Speed:DDR3-3100,Type:240-pin DIMM,CAS:12Module:2x4GBSize:8GB",50732,64999,5
29,"Corsair Vengeance LPX","Speed:DDR4-3200,Type:288-pin DIMM,CAS:15Module:4x16GBSize:64GB",5717,64599,5
138,"GSkill Ripjaws V Series","Speed:DDR4-3000,Type:288-pin DIMM,CAS:14Module:4x16GBSize:64GB",49909,64599,5
30,"GSkill Ripjaws V Series","Speed:DDR4-2800,Type:288-pin DIMM,CAS:14Module:4x16GBSize:64GB",45254,6452,5
107,"Kingston","Speed:DDR3-1600,Type:240-pin DIMM,CAS:11Module:4x16GBSize:64GB",47418,644,5
126,"GSkill Ripjaws V Series","Speed:DDR4-3200,Type:288-pin DIMM,CAS:16Module:8x8GBSize:64GB",51093,64099,5
1,"GSkill Ripjaws V Series","Speed:DDR4-3000,Type:288-pin DIMM,CAS:15Module:8x8GBSize:64GB",45036,64099,5
101,"Kingston HyperX Predator","Speed:DDR4-3000,Type:288-pin DIMM,CAS:15Module:4x16GBSize:64GB",47178,63599,5
190,"Supermicro X10SDV-8C-TLN4F","CPU:Xeon D-1541,Form Factor:Mini ITX,RAM Slots:4,Max RAM:64GB",66429,94899,4
62,"Intel DP35DPM","CPU:LGA775,Form Factor:ATX,RAM Slots:4,Max RAM:8GB",62622,78979,4
189,"Asus X99-E-10G WS","CPU:LGA2011-3,Form Factor:SSI CEB,RAM Slots:8,Max RAM:128GB",58202,649,4
191,"Asus ROG MAXIMUS IX EXTREME","CPU:LGA1151,Form Factor:EATX,RAM Slots:4,Max RAM:64GB",48089,57399,4
63,"Asus RAMPAGE V EXTREME","CPU:LGA2011-3,Form Factor:EATX,RAM Slots:8,Max RAM:64GB",459,57296,4
193,"Asus Z10PE-D8 WS","CPU:LGA2011-3 x 2,Form Factor:SSI EEB,RAM Slots:8,Max RAM:512GB",50414,56159,4
271,"MSI X99A GODLIKE GAMING CARBON","CPU:LGA2011-3,Form Factor:EATX,RAM Slots:8,Max RAM:128GB",415,54959,4
64,"Supermicro H8DG6-F","CPU:G34 x 2,Form Factor:EATX,RAM Slots:16,Max RAM:512GB",41664,52599,4
192,"Asus Rampage V Edition 10","CPU:LGA2011-3,Form Factor:EATX,RAM Slots:8,Max RAM:128GB",4525,51999,4
225,"Gigabyte GA-Z270X-Gaming 9","CPU:LGA1151,Form Factor:EATX,RAM Slots:4,Max RAM:64GB",38005,50398,4
252,"Gigabyte X299 AORUS Gaming 9","CPU:LGA2066,Form Factor:ATX,RAM Slots:8,Max RAM:128GB",39524,49999,4
274,"ASRock E3C224D4M-16RE","CPU:LGA1150,Form Factor:ATX,RAM Slots:4,Max RAM:32GB",36479,49999,4
61,"Asus PRIME X299-DELUXE","CPU:LGA2066,Form Factor:ATX,RAM Slots:8,Max RAM:128GB",40992,4873,4
188,"Asus X99-E WS/USB 31","CPU:LGA2011-3,Form Factor:SSI CEB,RAM Slots:8,Max RAM:128GB",42889,48249,4
28,"Supermicro X9SRH-7TF","CPU:LGA2011,Form Factor:ATX,RAM Slots:8,Max RAM:64GB",41164,47999,4
137,"Asus Z10PE-D16 WS","CPU:LGA2011-3 x 2,Form Factor:SSI EEB,RAM Slots:16,Max RAM:1TB",33252,46999,4
32,"ASRock X99 Extreme11","CPU:LGA2011-3,Form Factor:EATX,RAM Slots:8,Max RAM:128GB",38055,46999,4
31,"Supermicro MBD-X10DAX","CPU:LGA2011-3 x 2,Form Factor:EATX,RAM Slots:16,Max RAM:",38524,44372,4
84,"Asus X99-DELUXE/U31","CPU:LGA2011-3,Form Factor:ATX,RAM Slots:8,Max RAM:64GB",33238,4403,4
141,"Supermicro X11SSL-CF","CPU:LGA1151,Form Factor:Micro ATX,RAM Slots:4,Max RAM:64GB",31781,41999,4
34,"Asus KGPE-D16","CPU:G34 x 2,Form Factor:SSI EEB,RAM Slots:16,Max RAM:256GB",36072,41798,4
143,"Asus Z10PE-D16","CPU:LGA2011-3 Narrow x 2,Form Factor:SSI EEB,RAM Slots:16,Max RAM:1TB",2933,40299,4
217,"ASRock C2750D4I","CPU:Atom C2750,Form Factor:Mini ITX,RAM Slots:4,Max RAM:64GB",33955,40198,4
66,"Gigabyte X299 AORUS Gaming 7","CPU:LGA2066,Form Factor:ATX,RAM Slots:8,Max RAM:128GB",28391,39999,4
275,"MSI X99A GODLIKE GAMING","CPU:LGA2011-3,Form Factor:EATX,RAM Slots:8,Max RAM:128GB",30295,39999,4
194,"MSI X299 GAMING M7 ACK","CPU:LGA2066,Form Factor:ATX,RAM Slots:8,Max RAM:128GB",27871,39742,4
156,"Supermicro MBD-X10DRI-O","CPU:LGA2011-3 Narrow x 2,Form Factor:EATX,RAM Slots:16,Max RAM:1TB",29134,39499,4
157,"Asus MAXIMUS IX FORMULA","CPU:LGA1151,Form Factor:ATX,RAM Slots:4,Max RAM:64GB",33912,38899,4
170,"Asus X99-DELUXE II","CPU:LGA2011-3,Form Factor:ATX,RAM Slots:8,Max RAM:128GB",28933,38398,4
171,"ASRock Fatal1ty X299 Professional Gaming i9","CPU:LGA2066,Form Factor:ATX,RAM Slots:8,Max RAM:128GB",2875,38298,4
172,"ASRock EP2C612 WS","CPU:LGA2011-3 x 2,Form Factor:SSI EEB,RAM Slots:8,Max RAM:",30884,35849,4
173,"ASRock Z270 SuperCarrier","CPU:LGA1151,Form Factor:ATX,RAM Slots:4,Max RAM:64GB",26435,35398,4
187,"Asus MAXIMUS VIII EXTREME/ASSEMBLY","CPU:LGA1151,Form Factor:EATX,RAM Slots:4,Max RAM:64GB",25341,35398,4
224,"Asus STRIX X299-E GAMING","CPU:LGA2066,Form Factor:ATX,RAM Slots:8,Max RAM:128GB",306,34999,4
246,"Gigabyte X299 AORUS Ultra Gaming","CPU:LGA2066,Form Factor:ATX,RAM Slots:8,Max RAM:128GB",28778,34399,4
247,"Asus TUF X299 MARK 1","CPU:LGA2066,Form Factor:ATX,RAM Slots:8,Max RAM:128GB",24115,33999,4
250,"Asus Z170-WS","CPU:LGA1151,Form Factor:ATX,RAM Slots:4,Max RAM:64GB",2794,33899,4
251,"MSI X299 GAMING PRO CARBON AC","CPU:LGA2066,Form Factor:ATX,RAM Slots:8,Max RAM:128GB",2388,33781,4
287,"MSI X99A XPOWER GAMING TITANIUM","CPU:LGA2011-3,Form Factor:EATX,RAM Slots:8,Max RAM:128GB",25723,32999,4
288,"Asus ROG STRIX X99 GAMING","CPU:LGA2011-3,Form Factor:ATX,RAM Slots:8,Max RAM:128GB",25586,31999,4
179,"Asus SABERTOOTH X99","CPU:LGA2011-3,Form Factor:ATX,RAM Slots:8,Max RAM:64GB",25257,31267,4
226,"Asus PRIME X299-A","CPU:LGA2066,Form Factor:ATX,RAM Slots:8,Max RAM:128GB",27456,30985,4
227,"Gigabyte GA-X99-UD5 WIFI","CPU:LGA2011-3,Form Factor:EATX,RAM Slots:8,Max RAM:64GB",21783,305,4
39,"ASRock EP2C602-4L/D16","CPU:LGA2011 x 2,Form Factor:SSI EEB,RAM Slots:16,Max RAM:512GB",22547,30199,4
40,"MSI Z170A KRAIT GAMING 3X","CPU:LGA1151,Form Factor:ATX,RAM Slots:4,Max RAM:64GB",2454,29989,4
41,"MSI Z170 Krait Gaming","CPU:LGA1151,Form Factor:ATX,RAM Slots:4,Max RAM:64GB",23158,29989,4
42,"MSI Z170A KRAIT GAMING","CPU:LGA1151,Form Factor:ATX,RAM Slots:4,Max RAM:64GB",2624,29989,4
43,"Asus MAXIMUS IX CODE","CPU:LGA1151,Form Factor:ATX,RAM Slots:4,Max RAM:64GB",26615,29898,4
134,"Asus Sabertooth 990FX","CPU:AM3+,Form Factor:ATX,RAM Slots:4,Max RAM:32GB",25231,29572,4
140,"MSI X99A WORKSTATION","CPU:LGA2011-3,Form Factor:ATX,RAM Slots:8,Max RAM:128GB",23995,28997,4
144,"Intel DG43RK","CPU:LGA775,Form Factor:Micro ATX,RAM Slots:4,Max RAM:8GB",21969,28979,4
145,"Asus VANGUARD B85","CPU:LGA1150,Form Factor:Micro ATX,RAM Slots:4,Max RAM:32GB",2581,287,4
146,"EVGA Z270 Classified K","CPU:LGA1151,Form Factor:EATX,RAM Slots:4,Max RAM:64GB",23426,28398,4
147,"EVGA Classified","CPU:LGA2011-3,Form Factor:EATX,RAM Slots:8,Max RAM:128GB",24062,28398,4
148,"MSI Z270 XPOWER GAMING TITANIUM","CPU:LGA1151,Form Factor:ATX,RAM Slots:4,Max RAM:64GB",21269,28298,4
149,"ASRock X299 Taichi","CPU:LGA2066,Form Factor:ATX,RAM Slots:8,Max RAM:128GB",21436,28298,4
150,"MSI X299 TOMAHAWK ARCTIC","CPU:LGA2066,Form Factor:ATX,RAM Slots:8,Max RAM:128GB",22392,28198,4
151,"Supermicro X10SAT-O","CPU:LGA1150,Form Factor:ATX,RAM Slots:4,Max RAM:32GB",20708,28197,4
152,"Gigabyte X299 AORUS Gaming 3","CPU:LGA2066,Form Factor:ATX,RAM Slots:8,Max RAM:128GB",22748,28098,4
180,"Supermicro MBD-X10DAL-I-O","CPU:LGA2011-3 x 2,Form Factor:ATX,RAM Slots:8,Max RAM:512GB",23928,27999,4
268,"Western Digital WD10EZEX","Series:Caviar Blue,Type:7200RPM,Capacity:1TB,Cache:64MB",3583,4788,5
24,"Seagate ST2000DM006","Series:Barracuda,Type:7200RPM,Capacity:2TB,Cache:64MB",4793,6689,5
25,"Samsung MZ-75E250B/AM","Series:850 EVO-Series,Type:SSD,Capacity:250GB,Cache:N/A",8798,10488,5
26,"Samsung MZ-75E500B/AM","Series:850 EVO-Series,Type:SSD,Capacity:500GB,Cache:N/A",15781,17809,5
104,"SanDisk SDSSDA-240G-G26","Series:SSD PLUS,Type:SSD,Capacity:240GB,Cache:N/A",611,8388,5
135,"Samsung MZ-V6E250","Series:960 EVO,Type:SSD,Capacity:250GB,Cache:512MB",9298,12788,5
284,"Kingston SA400S37/120G","Series:A400,Type:SSD,Capacity:120GB,Cache:N/A",4063,5499,5
285,"Samsung MZ-75E1T0B/AM","Series:850 EVO-Series,Type:SSD,Capacity:1TB,Cache:N/A",26023,33999,5
286,"Samsung MZ-V6E500","Series:960 EVO,Type:SSD,Capacity:500GB,Cache:512MB",20962,234,5
22,"Seagate ST3000DM008","Series:Barracuda,Type:7200RPM,Capacity:3TB,Cache:64MB",6163,8361,5
23,"Western Digital WDS250G1B0A","Series:Blue,Type:SSD,Capacity:250GB,Cache:N/A",7254,8989,5
33,"ADATA ASU800SS-128GT-C","Series:Ultimate SU800,Type:SSD,Capacity:128GB,Cache:N/A",3778,5265,5
44,"Seagate ST1000DM010","Series:BarraCuda,Type:7200RPM,Capacity:1TB,Cache:64MB",4218,4937,5
49,"Samsung MZ-75E4T0B","Series:850 EVO,Type:SSD,Capacity:4TB,Cache:4GB",115364,149999,5
50,"Intel SSDPECME040T401","Series:DC P3608,Type:SSD,Capacity:4TB,Cache:N/A",712366,886799,5
130,"Western Digital WD2003FZEX","Series:BLACK SERIES,Type:7200RPM,Capacity:2TB,Cache:64MB",9176,11745,5
131,"Samsung MZ-V6P512BW","Series:960 PRO,Type:SSD,Capacity:512GB,Cache:512MB",22399,27999,5
139,"Hitachi HUS724030ALE641","Series:Ultrastar 7K4000,Type:7200RPM,Capacity:3TB,Cache:64MB",5403,6592,5
208,"Samsung MZ-V6P2T0BW","Series:960 Pro,Type:SSD,Capacity:2TB,Cache:2GB",84011,119999,5
229,"Seagate ST10000DM0004","Series:BarraCuda Pro,Type:7200RPM,Capacity:10TB,Cache:256MB",28423,39999,5
230,"ADATA ASU800SS-512GT-C","Series:Ultimate SU800,Type:SSD,Capacity:512GB,Cache:N/A",11329,13669,5
231,"Samsung MZ-V6E1T0","Series:960 EVO,Type:SSD,Capacity:1TB,Cache:1000MB",35806,44999,5
232,"Western Digital WD1003FZEX","Series:BLACK SERIES,Type:7200RPM,Capacity:1TB,Cache:64MB",6176,7089,5
233,"SanDisk SDSSDA-120G-G26","Series:SSD PLUS,Type:SSD,Capacity:120GB,Cache:N/A",527,5999,5
234,"Crucial CT525MX300SSD1","Series:MX300,Type:SSD,Capacity:525GB,Cache:N/A",13559,15099,5
235,"Hitachi A7K1000-1000","Series:Ultrastar,Type:7200RPM,Capacity:1TB,Cache:32MB",2994,4199,5
253,"Samsung MZ-V6P1T0BW","Series:960 Pro,Type:SSD,Capacity:1TB,Cache:1GB",46649,57999,5
254,"Samsung MZ-7KE256BW","Series:850 Pro Series,Type:SSD,Capacity:256GB,Cache:N/A",9719,11999,5
255,"Seagate ST2000DX002","Series:FireCuda,Type:Hybrid,Capacity:2TB,Cache:64MB",6448,9099,5
256,"Western Digital WD5000AACS","Series:Caviar Green,Type:5400RPM,Capacity:500GB,Cache:16MB",2014,2699,5
257,"SanDisk SDSSDHII-240G-G25","Series:Ultra II,Type:SSD,Capacity:240GB,Cache:N/A",7339,8495,5
258,"PNY SSD7CS1311-120-RB","Series:CS1311,Type:SSD,Capacity:120GB,Cache:N/A",5059,5798,5
259,"PNY SSD9SC240GMDA-RB","Series:XLR8,Type:SSD,Capacity:240GB,Cache:N/A",584,8072,5
260,"Crucial CT1050MX300SSD1","Series:MX300,Type:SSD,Capacity:11TB,Cache:N/A",19252,26799,5
263,"Western Digital WDS250G1B0B","Series:Blue,Type:SSD,Capacity:250GB,Cache:N/A",7071,8999,5
264,"Samsung MZ-75E120B/AM","Series:850 EVO-Series,Type:SSD,Capacity:120GB,Cache:N/A",7441,8899,5
280,"Western Digital WDS500G1B0B","Series:Blue,Type:SSD,Capacity:500GB,Cache:N/A",10689,14988,5
60,"Hitachi HUA723020ALA640","Series:Ultrastar 7K3000,Type:7200RPM,Capacity:2TB,Cache:64MB",4518,5999,5
94,"Western Digital WD2500AVVS","Series:AV-GP,Type:5400RPM,Capacity:250GB,Cache:8MB",1263,1555,5
99,"Seagate ST1000DX002","Series:FireCuda,Type:Hybrid,Capacity:1TB,Cache:64MB",5541,6806,5
100,"Crucial CT275MX300SSD1","Series:MX300,Type:SSD,Capacity:275GB,Cache:N/A",7921,9788,5
168,"Seagate ST31000340NS - FFP","Series:Barracuda ES,Type:7200RPM,Capacity:1TB,Cache:32MB",344,4399,5
273,"Western Digital WD101KRYZ","Series:Gold,Type:7200RPM,Capacity:10TB,Cache:256MB",31396,44364,5
55,"Crucial CT525MX300SSD4","Series:MX300,Type:SSD,Capacity:525GB,Cache:N/A",12192,15099,5
56,"Western Digital WD2500AAJS","Series:Caviar Blue,Type:7200RPM,Capacity:250GB,Cache:8MB",1523,1699,5
57,"Western Digital WD20EZRZ","Series:Blue,Type:5400RPM,Capacity:2TB,Cache:64MB",5801,6734,5
95,"Western Digital WDS256G1X0C","Series:Black PCIe,Type:SSD,Capacity:256GB,Cache:N/A",8587,10999,5
96,"SanDisk SDSSDHII-480G-G25","Series:Ultra II,Type:SSD,Capacity:480GB,Cache:N/A",10262,14156,5
97,"Kingston SV300S37A/120G","Series:SSDNow V300 Series,Type:SSD,Capacity:120GB,Cache:N/A",4593,5987,5
